{"cameraMode":{"drawMode":0,"name":"Shaded","section":"Shading Mode"},"sceneLighting":true,"audioPlay":false,"sceneViewState":{"showFog":true,"showMaterialUpdate":true,"showSkybox":true,"showFlares":true,"showImageEffects":true,"showParticleSystems":true},"in2DMode":false,"pivot":{"x":8.481114387512207,"y":52.29458999633789,"z":19.18798828125},"rotation":{"x":0.020392877981066705,"y":-0.020994404330849649,"z":0.00043204944813624024,"w":0.999580979347229},"size":105.25748443603516,"orthographic":false}